{
  "id": "amazon-transcribe",
  "name": "Amazon Transcribe",
  "slug": "amazon-transcribe",
  "logo_url": "https://aws.amazon.com/transcribe/favicon.ico",
  "icon_url": "https://aws.amazon.com/transcribe/favicon.ico",
  "images": [
    "https://aws.amazon.com/transcribe/favicon.ico"
  ],
  "website_url": "https://aws.amazon.com/transcribe/",
  "tagline": "Fully managed ASR on AWS for batch and streaming, including domain features.",
  "summary": "Amazon Transcribe is AWS’s automatic speech recognition service for file-based and real‑time transcription across many languages. Features include channel‑aware diarization for call recordings, custom vocabulary, vocabulary filters, redaction of PII, and time‑synchronized word timestamps. Developers integrate via AWS SDKs or REST, stream audio over websockets, and store results in S3 for downstream analytics with Athena or OpenSearch. \n\nTypical use cases: contact center analytics, media captioning, meeting notes, and searchable audio archives. Transcribe supports specialized variants such as Call Analytics and Industry models, and integrates with Amazon Connect for contact centers. Pricing is pay‑as‑you‑go per audio second with a free tier available for new accounts. AWS documentation and videos walk through real‑time transcription, custom vocabulary, and redaction.\n\nTeams on AWS benefit from IAM-based controls, CloudWatch monitoring, and global region options. Migration often involves moving audio to S3, mapping streaming integrations, and validating accuracy with domain‑specific vocabulary lists.",
  "main_category": "Speech-to-Text / ASR",
  "subcategory": null,
  "categories": [
    "Speech-to-Text",
    "Media AI",
    "Developer Tools"
  ],
  "tasks": [
    "Batch/streaming ASR",
    "Custom vocabulary",
    "PII redaction",
    "Diarization"
  ],
  "use_cases": [
    "Contact center analytics",
    "Captioning",
    "Meetings",
    "Media archives"
  ],
  "best_for": [
    "Organizations on AWS",
    "Contact centers"
  ],
  "ideal_industries": [],
  "roles": [],
  "job_roles": [],
  "models": [
    "Standard",
    "Call Analytics",
    "Industry/Domain variants"
  ],
  "platforms": [
    "AWS Console",
    "SDKs/REST",
    "WebSocket streaming"
  ],
  "languages": [
    "Multiple (see docs)"
  ],
  "integrations": [
    "S3",
    "Lambda",
    "Amazon Connect",
    "Kinesis"
  ],
  "compliance": [],
  "data_controls": [],
  "governance": [],
  "security": {
    "certifications": [],
    "sso": null
  },
  "technical": {
    "context_tokens": null,
    "latency_ms": null,
    "throughput_rps": null,
    "sdk_languages": []
  },
  "benchmarks": {
    "latency_ms_p50": null,
    "latency_ms_p95": null,
    "note": null
  },
  "privacy": {
    "training_policy": null,
    "data_retention": null
  },
  "limits": {
    "free_tier": "12‑month free tier within limits",
    "rate_limits": "Service quotas apply"
  },
  "uptime_slo": null,
  "pricing": {
    "model": "Pay‑as‑you‑go",
    "plans": [
      {
        "name": "On‑demand (per second)",
        "price": null,
        "billing": "usage"
      }
    ]
  },
  "pricing_notes": null,
  "pros_cons": {
    "pros": [],
    "cons": []
  },
  "key_differentiators": [
    "PII redaction",
    "Connect integration"
  ],
  "limitations": [],
  "import_export": [
    "JSON transcripts in S3",
    "Websocket streaming"
  ],
  "setup_time": "Minutes",
  "case_studies": [
    {
      "title": "Transcribe customers & use cases",
      "url": "https://aws.amazon.com/transcribe/"
    }
  ],
  "migration_paths": [],
  "roadmap_highlights": [],
  "alternatives_notes": null,
  "vendor": {
    "name": "Amazon Web Services",
    "hq_country": null,
    "twitter": "https://twitter.com/awscloud",
    "linkedin": "https://www.linkedin.com/company/amazon-web-services/",
    "contact_email": null
  },
  "links": {
    "pricing": "https://aws.amazon.com/transcribe/pricing/",
    "docs": "https://docs.aws.amazon.com/transcribe/",
    "changelog": null,
    "support": "https://aws.amazon.com/support"
  },
  "release_date": null,
  "updated_at": "2025-10-12T00:05:47Z",
  "status": "active",
  "flags": {
    "free": true,
    "open_source": false,
    "no_signup": false,
    "api_available": true,
    "mobile_app": false,
    "privacy_first": false,
    "verified": true
  },
  "community": {
    "rating": null,
    "votes": null,
    "reviews": []
  },
  "gallery": [
    {
      "src": "https://aws.amazon.com/transcribe/favicon.ico",
      "caption": "Amazon Transcribe icon"
    }
  ],
  "tutorials": [
    {
      "title": "Getting Started with Amazon Transcribe (AWS)",
      "youtube": "https://www.youtube.com/watch?v=NRlNQ9Szpzg",
      "provider": "YouTube"
    },
    {
      "title": "Amazon Transcribe Overview & Demo",
      "youtube": "https://www.youtube.com/watch?v=I5Jd7lQ4msI",
      "provider": "YouTube"
    },
    {
      "title": "Convert Speech to Text with Transcribe",
      "youtube": "https://www.youtube.com/watch?v=WS4UXwA5l40",
      "provider": "YouTube"
    }
  ],
  "q_and_a": []
}