{
  "id": "assemblyai",
  "name": "AssemblyAI",
  "slug": "assemblyai",
  "logo_url": "https://www.assemblyai.com/favicon.ico",
  "icon_url": "https://www.assemblyai.com/favicon.ico",
  "images": [
    "https://www.assemblyai.com/favicon.ico"
  ],
  "website_url": "https://www.assemblyai.com",
  "tagline": "Speech AI platform: accurate STT, streaming, and post‑processing features.",
  "summary": "AssemblyAI offers Speech‑to‑Text with high‑accuracy models across 90+ languages, plus features like speaker diarization, summarization, topic extraction, sentiment, and PII redaction. Developers call simple REST endpoints or stream via WebSocket; SDKs and detailed guides help productionize quickly. A generous free tier and transparent per‑hour pricing make it straightforward to pilot and scale.\n\nTypical implementations: meeting notes, podcast transcripts, contact center analytics, media captioning, and voice agent pipelines. AssemblyAI’s “Universal” model emphasizes accuracy; streaming endpoints support low‑latency experiences. Customer stories highlight usage across startups and enterprises.\n\nAssemblyAI is suitable for teams that want an all‑in‑one Speech AI toolkit combining accurate transcripts and helpful post‑processing features.",
  "main_category": "Speech-to-Text / ASR",
  "subcategory": null,
  "categories": [
    "Speech-to-Text",
    "Media AI",
    "Developer Tools"
  ],
  "tasks": [
    "Batch & streaming ASR",
    "Diarization",
    "PII redaction",
    "Summarization/Topics"
  ],
  "use_cases": [
    "Meetings/podcasts",
    "Contact center",
    "Media captioning",
    "Voice agents"
  ],
  "best_for": [
    "Builders who want post‑processing out‑of‑the‑box"
  ],
  "ideal_industries": [],
  "roles": [],
  "job_roles": [],
  "models": [
    "Universal",
    "Streaming (low‑latency)",
    "Optional add‑ons (summarize, topics, sentiment)"
  ],
  "platforms": [
    "Web console",
    "REST/WebSocket",
    "SDKs"
  ],
  "languages": [
    "90+ (see docs)"
  ],
  "integrations": [
    "REST",
    "WebSocket"
  ],
  "compliance": [],
  "data_controls": [],
  "governance": [],
  "security": {
    "certifications": [],
    "sso": null
  },
  "technical": {
    "context_tokens": null,
    "latency_ms": null,
    "throughput_rps": null,
    "sdk_languages": []
  },
  "benchmarks": {
    "latency_ms_p50": null,
    "latency_ms_p95": null,
    "note": null
  },
  "privacy": {
    "training_policy": null,
    "data_retention": null
  },
  "limits": {
    "free_tier": "Free tier available",
    "rate_limits": "Tune concurrency with support"
  },
  "uptime_slo": null,
  "pricing": {
    "model": "Pay‑as‑you‑go + enterprise",
    "plans": [
      {
        "name": "On‑demand",
        "price": null,
        "billing": "usage"
      }
    ]
  },
  "pricing_notes": null,
  "pros_cons": {
    "pros": [],
    "cons": []
  },
  "key_differentiators": [
    "Accuracy & post‑processing features",
    "Clear docs and SDKs"
  ],
  "limitations": [],
  "import_export": [],
  "setup_time": "Minutes",
  "case_studies": [
    {
      "title": "Customer stories",
      "url": "https://www.assemblyai.com/customers"
    },
    {
      "title": "WhatConverts customer story",
      "url": "https://www.assemblyai.com/blog/whatconverts-customer-story"
    }
  ],
  "migration_paths": [],
  "roadmap_highlights": [],
  "alternatives_notes": null,
  "vendor": {
    "name": "AssemblyAI",
    "hq_country": null,
    "twitter": "https://twitter.com/AssemblyAI",
    "linkedin": "https://www.linkedin.com/company/assemblyai/",
    "contact_email": null
  },
  "links": {
    "pricing": "https://www.assemblyai.com/pricing",
    "docs": "https://www.assemblyai.com/docs",
    "changelog": null,
    "support": "https://www.assemblyai.com/support"
  },
  "release_date": null,
  "updated_at": "2025-10-12T00:05:47Z",
  "status": "active",
  "flags": {
    "free": true,
    "open_source": false,
    "no_signup": false,
    "api_available": true,
    "mobile_app": false,
    "privacy_first": false,
    "verified": true
  },
  "community": {
    "rating": null,
    "votes": null,
    "reviews": []
  },
  "gallery": [
    {
      "src": "https://www.assemblyai.com/favicon.ico",
      "caption": "AssemblyAI icon"
    }
  ],
  "tutorials": [
    {
      "title": "Universal STT demo & tutorial (AssemblyAI)",
      "youtube": "https://www.youtube.com/watch?v=w09b30BI0lk",
      "provider": "YouTube"
    },
    {
      "title": "AssemblyAI Tutorials playlist",
      "youtube": "https://www.youtube.com/playlist?list=PLcWfeUsAys2lUkQ-s5wtyLhYPJ3B4qUK2",
      "provider": "YouTube"
    },
    {
      "title": "Realtime STT in 15 minutes",
      "youtube": "https://www.youtube.com/watch?v=hDKBREokidU",
      "provider": "YouTube"
    }
  ],
  "q_and_a": []
}