{
  "id": "deepgram-speech-to-text",
  "name": "Deepgram Speech-to-Text",
  "slug": "deepgram-speech-to-text",
  "logo_url": "https://deepgram.com/product/speech-to-text/favicon.ico",
  "icon_url": "https://deepgram.com/product/speech-to-text/favicon.ico",
  "images": [
    "https://deepgram.com/product/speech-to-text/favicon.ico"
  ],
  "website_url": "https://deepgram.com/product/speech-to-text",
  "tagline": "Streaming & batch ASR with Nova/Flux models; SDKs and playground.",
  "summary": "Deepgram provides developer‑friendly speech recognition for streaming and batch audio across 30+ languages. Its Nova‑3 models target high accuracy; Flux targets conversational agents; and cost‑optimized models serve large‑scale workloads. Features include diarization, smart formatting, multichannel support, search/keyword boosting, and language auto‑detect. Developers integrate by REST or WebSocket, with SDKs and a browser playground for rapid testing. \n\nCommon uses: live agent assist, voice bots, meeting notes, and analytics. Pricing is transparent pay‑as‑you‑go by minute with volume discounts and enterprise options. Documentation covers real‑time streaming, file transcription, and best practices for telephony audio.\n\nDeepgram is a good fit for teams that want fast iteration, modern tooling, and a balance between accuracy and cost across model families.",
  "main_category": "Speech-to-Text / ASR",
  "subcategory": null,
  "categories": [
    "Speech-to-Text",
    "Media AI",
    "Developer Tools"
  ],
  "tasks": [
    "Streaming & batch ASR",
    "Diarization",
    "Keyword boosting",
    "Smart formatting"
  ],
  "use_cases": [
    "Voice agents",
    "Live captions",
    "Analytics",
    "Meetings"
  ],
  "best_for": [
    "Startups and enterprises needing flexible pricing"
  ],
  "ideal_industries": [],
  "roles": [],
  "job_roles": [],
  "models": [
    "Nova‑3",
    "Flux",
    "Nova‑2",
    "Custom/Industry‑tuned"
  ],
  "platforms": [
    "Web console",
    "REST/WebSocket APIs",
    "SDKs"
  ],
  "languages": [
    "30+ (see docs)"
  ],
  "integrations": [
    "WebSocket",
    "REST",
    "Partner integrations"
  ],
  "compliance": [],
  "data_controls": [],
  "governance": [],
  "security": {
    "certifications": [],
    "sso": null
  },
  "technical": {
    "context_tokens": null,
    "latency_ms": null,
    "throughput_rps": null,
    "sdk_languages": []
  },
  "benchmarks": {
    "latency_ms_p50": null,
    "latency_ms_p95": null,
    "note": null
  },
  "privacy": {
    "training_policy": null,
    "data_retention": null
  },
  "limits": {
    "free_tier": "Start free in Playground",
    "rate_limits": "Account quotas; enterprise increases"
  },
  "uptime_slo": null,
  "pricing": {
    "model": "Pay‑as‑you‑go + enterprise",
    "plans": [
      {
        "name": "Standard/Advanced/Custom",
        "price": null,
        "billing": "usage/contract"
      }
    ]
  },
  "pricing_notes": null,
  "pros_cons": {
    "pros": [],
    "cons": []
  },
  "key_differentiators": [
    "Model choice for cost/latency/accuracy",
    "Modern SDKs & playground"
  ],
  "limitations": [],
  "import_export": [],
  "setup_time": "Minutes",
  "case_studies": [
    {
      "title": "Sharpen contact center case study",
      "url": "https://deepgram.com/learn/case-study/sharpen"
    },
    {
      "title": "Five9 case study",
      "url": "https://deepgram.com/learn/case-study/five9"
    }
  ],
  "migration_paths": [],
  "roadmap_highlights": [],
  "alternatives_notes": null,
  "vendor": {
    "name": "Deepgram",
    "hq_country": null,
    "twitter": "https://twitter.com/DeepgramAI",
    "linkedin": "https://www.linkedin.com/company/deepgram/",
    "contact_email": null
  },
  "links": {
    "pricing": "https://deepgram.com/pricing",
    "docs": "https://developers.deepgram.com/docs",
    "changelog": null,
    "support": "https://support.deepgram.com"
  },
  "release_date": null,
  "updated_at": "2025-10-12T00:05:47Z",
  "status": "active",
  "flags": {
    "free": true,
    "open_source": false,
    "no_signup": false,
    "api_available": true,
    "mobile_app": false,
    "privacy_first": false,
    "verified": true
  },
  "community": {
    "rating": null,
    "votes": null,
    "reviews": []
  },
  "gallery": [
    {
      "src": "https://deepgram.com/product/speech-to-text/favicon.ico",
      "caption": "Deepgram Speech-to-Text icon"
    }
  ],
  "tutorials": [
    {
      "title": "Deepgram channel (official)",
      "youtube": "https://www.youtube.com/Deepgram",
      "provider": "YouTube"
    },
    {
      "title": "Live streaming transcription tutorial",
      "youtube": "https://www.youtube.com/watch?v=J2sbC8X5Pp8",
      "provider": "YouTube"
    },
    {
      "title": "Realtime voice agent with Deepgram",
      "youtube": "https://www.youtube.com/watch?v=EgNerWaeZz0",
      "provider": "YouTube"
    }
  ],
  "q_and_a": []
}