{
  "id": "google-cloud-speech-to-text",
  "name": "Google Cloud Speech-to-Text",
  "slug": "google-cloud-speech-to-text",
  "logo_url": "https://cloud.google.com/speech-to-text/favicon.ico",
  "icon_url": "https://cloud.google.com/speech-to-text/favicon.ico",
  "images": [
    "https://cloud.google.com/speech-to-text/favicon.ico"
  ],
  "website_url": "https://cloud.google.com/speech-to-text",
  "tagline": "Batch & streaming ASR with WaveNet/Neural2 models on Google Cloud.",
  "summary": "Google Cloud Speech-to-Text (v1 and v2 generations) provides automatic speech recognition for recorded files and real-time streams, with models designed for phone calls, video, and enhanced dictation. Developers call a simple API (REST or client SDKs) to transcribe audio in formats such as LINEAR16, FLAC, and OGG_OPUS, and can fine-tune behavior using speech contexts, word/phrase hints, and automatic punctuation. The service integrates tightly with Google Cloud—project-level IAM, logging/monitoring, and regionalization options—so teams can deploy at scale with governance. \n\nUse cases span contact center analytics, captions/subtitles, meeting notes, and voice-enabled applications. Key capabilities include diarization, word-level timestamps, profanity filtering, and multi-channel recognition for call recordings. For real-time experiences, streaming gRPC supports sub‑second partials and final results. Pricing is usage-based per minute/character category depending on model type and deployment region. Documentation and codelabs provide quickstarts in Python, Node.js, Go, Java, and C#.\n\nOrganizations already on GCP benefit from unified security controls, consolidated billing, and proximity to adjacent services such as Translation, Vertex AI, and BigQuery for downstream analytics. Migration from other providers typically involves mapping audio ingestion to Cloud Storage, testing model choices (e.g., phone vs. video), and validating accuracy on domain audio using phrase hints or custom class tokens.",
  "main_category": "Speech-to-Text / ASR",
  "subcategory": null,
  "categories": [
    "Speech-to-Text",
    "Media AI",
    "Developer Tools"
  ],
  "tasks": [
    "Batch transcription",
    "Streaming transcription",
    "Diarization",
    "Punctuation",
    "Word timestamps"
  ],
  "use_cases": [
    "Contact center analytics",
    "Captioning",
    "Meetings/notes",
    "Voice features in apps"
  ],
  "best_for": [
    "Teams on GCP",
    "Analytics pipelines with BigQuery"
  ],
  "ideal_industries": [],
  "roles": [],
  "job_roles": [],
  "models": [
    "Speech-to-Text v2 models",
    "Enhanced phone/video models"
  ],
  "platforms": [
    "Google Cloud Console",
    "REST/gRPC APIs",
    "Client SDKs"
  ],
  "languages": [
    "Multiple (see docs)"
  ],
  "integrations": [
    "Cloud Storage",
    "Pub/Sub",
    "Vertex AI (adjacent)"
  ],
  "compliance": [],
  "data_controls": [],
  "governance": [],
  "security": {
    "certifications": [],
    "sso": null
  },
  "technical": {
    "context_tokens": null,
    "latency_ms": null,
    "throughput_rps": null,
    "sdk_languages": []
  },
  "benchmarks": {
    "latency_ms_p50": null,
    "latency_ms_p95": null,
    "note": null
  },
  "privacy": {
    "training_policy": null,
    "data_retention": null
  },
  "limits": {
    "free_tier": "Free tier within monthly limits",
    "rate_limits": "Quotas per project/region"
  },
  "uptime_slo": null,
  "pricing": {
    "model": "Pay‑as‑you‑go",
    "plans": [
      {
        "name": "On‑demand",
        "price": null,
        "billing": "usage"
      }
    ]
  },
  "pricing_notes": null,
  "pros_cons": {
    "pros": [],
    "cons": []
  },
  "key_differentiators": [
    "Strong streaming and diarization",
    "Integration with Google Cloud stack"
  ],
  "limitations": [],
  "import_export": [
    "JSON transcripts",
    "SRT/VTT via partner tools",
    "Audio in MP3/WAV/FLAC/OGG_OPUS"
  ],
  "setup_time": "Minutes",
  "case_studies": [
    {
      "title": "Assorted customers and use cases",
      "url": "https://cloud.google.com/speech-to-text"
    }
  ],
  "migration_paths": [],
  "roadmap_highlights": [],
  "alternatives_notes": null,
  "vendor": {
    "name": "Google Cloud",
    "hq_country": null,
    "twitter": "https://twitter.com/googlecloud",
    "linkedin": "https://www.linkedin.com/company/google-cloud/",
    "contact_email": null
  },
  "links": {
    "pricing": "https://cloud.google.com/speech-to-text/pricing",
    "docs": "https://cloud.google.com/speech-to-text/v2/docs",
    "changelog": null,
    "support": "https://cloud.google.com/support"
  },
  "release_date": null,
  "updated_at": "2025-10-12T00:05:47Z",
  "status": "active",
  "flags": {
    "free": true,
    "open_source": false,
    "no_signup": false,
    "api_available": true,
    "mobile_app": false,
    "privacy_first": false,
    "verified": true
  },
  "community": {
    "rating": null,
    "votes": null,
    "reviews": []
  },
  "gallery": [
    {
      "src": "https://cloud.google.com/speech-to-text/favicon.ico",
      "caption": "Google Cloud Speech-to-Text icon"
    }
  ],
  "tutorials": [
    {
      "title": "How to use Cloud Speech‑to‑Text with cURL (Google)",
      "youtube": "https://www.youtube.com/watch?v=SPcFViKU_xU",
      "provider": "YouTube"
    },
    {
      "title": "Speech‑to‑Text API Python quickstart",
      "youtube": "https://www.youtube.com/watch?v=jBbLon5esbE",
      "provider": "YouTube"
    },
    {
      "title": "Google Cloud Speech‑to‑Text basics",
      "youtube": "https://www.youtube.com/watch?v=izdDHVLc_Z0",
      "provider": "YouTube"
    }
  ],
  "q_and_a": []
}