{
  "id": "ibm-watson-speech-to-text",
  "name": "IBM Watson Speech to Text",
  "slug": "ibm-watson-speech-to-text",
  "logo_url": "https://www.ibm.com/products/speech-to-text/favicon.ico",
  "icon_url": "https://www.ibm.com/products/speech-to-text/favicon.ico",
  "images": [
    "https://www.ibm.com/products/speech-to-text/favicon.ico"
  ],
  "website_url": "https://www.ibm.com/products/speech-to-text",
  "tagline": "Neural ASR on IBM Cloud; SDKs & REST with enterprise support.",
  "summary": "IBM Watson Speech to Text provides cloud‑hosted speech recognition with REST/SDKs, multiple languages, and features including timestamps, diarization, and smart formatting. It integrates with Watson Assistant and other IBM Cloud services, and offers enterprise support and deployment options.\n\nUse cases include customer self‑service, captions, analytics, and accessibility. IBM documentation provides quickstarts and API references; pricing is usage‑based with a Lite tier for trials.\n\nWatson STT is a fit for enterprises with IBM Cloud footprints or regulated requirements that benefit from IBM’s governance and support.",
  "main_category": "Speech-to-Text / ASR",
  "subcategory": null,
  "categories": [
    "Speech-to-Text",
    "Media AI",
    "Developer Tools"
  ],
  "tasks": [
    "Batch & streaming ASR",
    "Word timestamps",
    "Diarization"
  ],
  "use_cases": [
    "IVR & assistants",
    "Captioning",
    "Analytics",
    "Accessibility"
  ],
  "best_for": [
    "Enterprises on IBM Cloud"
  ],
  "ideal_industries": [],
  "roles": [],
  "job_roles": [],
  "models": [
    "Neural ASR"
  ],
  "platforms": [
    "IBM Cloud",
    "REST/SDKs"
  ],
  "languages": [
    "Multiple (see docs)"
  ],
  "integrations": [
    "Watson Assistant",
    "IBM Cloud services"
  ],
  "compliance": [],
  "data_controls": [],
  "governance": [],
  "security": {
    "certifications": [],
    "sso": null
  },
  "technical": {
    "context_tokens": null,
    "latency_ms": null,
    "throughput_rps": null,
    "sdk_languages": []
  },
  "benchmarks": {
    "latency_ms_p50": null,
    "latency_ms_p95": null,
    "note": null
  },
  "privacy": {
    "training_policy": null,
    "data_retention": null
  },
  "limits": {
    "free_tier": "Lite tier",
    "rate_limits": "Per‑service quotas"
  },
  "uptime_slo": null,
  "pricing": {
    "model": "Usage‑based",
    "plans": [
      {
        "name": "Lite/Standard",
        "price": null,
        "billing": "usage"
      }
    ]
  },
  "pricing_notes": null,
  "pros_cons": {
    "pros": [],
    "cons": []
  },
  "key_differentiators": [
    "IBM enterprise posture",
    "Integration with Watson"
  ],
  "limitations": [],
  "import_export": [],
  "setup_time": "Minutes",
  "case_studies": [
    {
      "title": "About & docs",
      "url": "https://cloud.ibm.com/docs/speech-to-text?topic=speech-to-text-about"
    }
  ],
  "migration_paths": [],
  "roadmap_highlights": [],
  "alternatives_notes": null,
  "vendor": {
    "name": "IBM",
    "hq_country": null,
    "twitter": "https://twitter.com/IBMTechnology",
    "linkedin": "https://www.linkedin.com/showcase/ibm-developer/",
    "contact_email": null
  },
  "links": {
    "pricing": "https://cloud.ibm.com/catalog/services/speech-to-text",
    "docs": "https://cloud.ibm.com/docs/speech-to-text",
    "changelog": null,
    "support": "https://www.ibm.com/mysupport/s/"
  },
  "release_date": null,
  "updated_at": "2025-10-12T00:05:47Z",
  "status": "active",
  "flags": {
    "free": true,
    "open_source": false,
    "no_signup": false,
    "api_available": true,
    "mobile_app": false,
    "privacy_first": false,
    "verified": true
  },
  "community": {
    "rating": null,
    "votes": null,
    "reviews": []
  },
  "gallery": [
    {
      "src": "https://www.ibm.com/products/speech-to-text/favicon.ico",
      "caption": "IBM Watson Speech to Text icon"
    }
  ],
  "tutorials": [
    {
      "title": "Getting started (IBM)",
      "youtube": "https://video.ibm.com/recorded/129758027",
      "provider": "YouTube"
    },
    {
      "title": "Watson STT quickstart (community)",
      "youtube": "https://www.youtube.com/watch?v=Gv3DvTEs5nc",
      "provider": "YouTube"
    },
    {
      "title": "Long file transcription (community)",
      "youtube": "https://www.youtube.com/watch?v=ZUsaIOTJvM4",
      "provider": "YouTube"
    }
  ],
  "q_and_a": []
}