{
  "id": "microsoft-azure-speech-to-text",
  "name": "Microsoft Azure Speech to Text",
  "slug": "microsoft-azure-speech-to-text",
  "logo_url": "https://azure.microsoft.com/en-us/products/ai-services/ai-speech/favicon.ico",
  "icon_url": "https://azure.microsoft.com/en-us/products/ai-services/ai-speech/favicon.ico",
  "images": [
    "https://azure.microsoft.com/en-us/products/ai-services/ai-speech/favicon.ico"
  ],
  "website_url": "https://azure.microsoft.com/en-us/products/ai-services/ai-speech",
  "tagline": "Azure AI Speech service for real-time and batch transcription with SDKs & REST.",
  "summary": "Azure Speech to Text is part of Azure AI Speech. It supports streaming and batch transcription with SDKs in C#, Python, JavaScript, and Java, plus REST and WebSocket endpoints. Developers can configure locale-specific neural models, automatic punctuation, profanity filters, diarization, word timestamps, and custom pronunciation via lexicons. For regulated workloads, Azure offers regional deployment choices, private network options, and access control via Azure AD and IAM policies.\n\nCommon implementations include contact center analytics, live captions, conversational IVR, voice notes, and accessibility features. Real-time streaming delivers partial and final results with low latency; batch transcription scales through containers or Functions. Pricing is pay‑as‑you‑go per audio hour, with a monthly free tier for experimentation. Documentation includes quickstarts, tutorials, and samples across languages.\n\nTeams standardizing on Microsoft cloud benefit from cohesive governance and integrations (Event Hubs, Storage, Cognitive Search, Power Platform). Migration from other ASR vendors typically involves validating model locales, adjusting segmenting and endpointing parameters, and mapping outputs to existing analytics pipelines.",
  "main_category": "Speech-to-Text / ASR",
  "subcategory": null,
  "categories": [
    "Speech-to-Text",
    "Media AI",
    "Developer Tools"
  ],
  "tasks": [
    "Batch and streaming ASR",
    "Diarization",
    "Word timestamps",
    "Profanity filtering"
  ],
  "use_cases": [
    "IVR and voice bots",
    "Live captions",
    "Training content",
    "Accessibility"
  ],
  "best_for": [
    "Enterprises on Azure",
    "Public sector with regional needs"
  ],
  "ideal_industries": [],
  "roles": [],
  "job_roles": [],
  "models": [
    "Neural speech recognition",
    "Custom models (Speech Studio)"
  ],
  "platforms": [
    "Azure Portal",
    "SDKs",
    "REST/WebSocket"
  ],
  "languages": [
    "Multiple (see docs)"
  ],
  "integrations": [
    "Azure Functions",
    "Event Hubs",
    "Storage",
    "Cognitive Search"
  ],
  "compliance": [],
  "data_controls": [],
  "governance": [],
  "security": {
    "certifications": [],
    "sso": null
  },
  "technical": {
    "context_tokens": null,
    "latency_ms": null,
    "throughput_rps": null,
    "sdk_languages": []
  },
  "benchmarks": {
    "latency_ms_p50": null,
    "latency_ms_p95": null,
    "note": null
  },
  "privacy": {
    "training_policy": null,
    "data_retention": null
  },
  "limits": {
    "free_tier": "Free tier within monthly limits",
    "rate_limits": "Service quotas per subscription/region"
  },
  "uptime_slo": null,
  "pricing": {
    "model": "Usage‑based",
    "plans": [
      {
        "name": "Pay‑as‑you‑go",
        "price": null,
        "billing": "usage"
      }
    ]
  },
  "pricing_notes": null,
  "pros_cons": {
    "pros": [],
    "cons": []
  },
  "key_differentiators": [
    "Enterprise governance",
    "Custom models & lexicons"
  ],
  "limitations": [],
  "import_export": [
    "JSON transcripts",
    "Audio via WAV/OGG; streaming"
  ],
  "setup_time": "Minutes",
  "case_studies": [
    {
      "title": "Customer stories (Azure AI Speech)",
      "url": "https://azure.microsoft.com/en-us/resources/videos/index/?products=ai-services&filters=speech"
    }
  ],
  "migration_paths": [],
  "roadmap_highlights": [],
  "alternatives_notes": null,
  "vendor": {
    "name": "Microsoft",
    "hq_country": null,
    "twitter": "https://twitter.com/Azure",
    "linkedin": "https://www.linkedin.com/showcase/microsoft-azure/",
    "contact_email": null
  },
  "links": {
    "pricing": "https://azure.microsoft.com/pricing/details/ai-speech/",
    "docs": "https://learn.microsoft.com/azure/ai-services/speech-service/index-speech-to-text",
    "changelog": null,
    "support": "https://azure.microsoft.com/support"
  },
  "release_date": null,
  "updated_at": "2025-10-12T00:05:47Z",
  "status": "active",
  "flags": {
    "free": true,
    "open_source": false,
    "no_signup": false,
    "api_available": true,
    "mobile_app": false,
    "privacy_first": false,
    "verified": true
  },
  "community": {
    "rating": null,
    "votes": null,
    "reviews": []
  },
  "gallery": [
    {
      "src": "https://azure.microsoft.com/en-us/products/ai-services/ai-speech/favicon.ico",
      "caption": "Microsoft Azure Speech to Text icon"
    }
  ],
  "tutorials": [
    {
      "title": "Real‑Time Audio Transcription (Azure)",
      "youtube": "https://www.youtube.com/watch?v=2X5XBr19-G0",
      "provider": "YouTube"
    },
    {
      "title": "Azure Speech Services overview",
      "youtube": "https://www.youtube.com/watch?v=BYd3C16SQaA",
      "provider": "YouTube"
    },
    {
      "title": "Speech to Text with Azure SDK",
      "youtube": "https://www.youtube.com/watch?v=FvF9lcE6oro",
      "provider": "YouTube"
    }
  ],
  "q_and_a": []
}