{
  "id": "nvidia-riva-asr",
  "name": "NVIDIA Riva ASR",
  "slug": "nvidia-riva-asr",
  "logo_url": "https://docs.nvidia.com/riva/index.html/favicon.ico",
  "icon_url": "https://docs.nvidia.com/riva/index.html/favicon.ico",
  "images": [
    "https://docs.nvidia.com/riva/index.html/favicon.ico"
  ],
  "website_url": "https://docs.nvidia.com/riva/index.html",
  "tagline": "GPU‑accelerated ASR for streaming & batch; on‑prem or cloud deployment.",
  "summary": "NVIDIA Riva is a GPU‑accelerated speech AI framework for on‑prem, edge, or cloud deployment. Its ASR supports streaming and batch recognition with SDKs and gRPC microservices, optimized for low latency on NVIDIA GPUs. Riva offers domain adaptation via language model customization and integrates with the broader NVIDIA AI stack (NeMo, NIM) for model updates and deployment.\n\nIt’s used for real‑time captions, contact center assistants, and voice interfaces where on‑prem or private cloud is required. Documentation includes quickstarts, customization guides, and examples.\n\nRiva is ideal for enterprises that need low‑latency ASR under their control, running on NVIDIA hardware, with options for customization.",
  "main_category": "Speech-to-Text / ASR",
  "subcategory": null,
  "categories": [
    "Speech-to-Text",
    "Media AI",
    "Developer Tools"
  ],
  "tasks": [
    "Streaming & batch ASR",
    "Domain adaptation",
    "Timestamps"
  ],
  "use_cases": [
    "On‑prem assistants",
    "Edge devices",
    "Contact center captions"
  ],
  "best_for": [
    "Enterprises needing private deployment"
  ],
  "ideal_industries": [],
  "roles": [],
  "job_roles": [],
  "models": [
    "Riva ASR pipelines (NeMo-based)"
  ],
  "platforms": [
    "gRPC microservices",
    "SDKs",
    "On‑prem/edge/cloud"
  ],
  "languages": [
    "Multiple (see docs)"
  ],
  "integrations": [
    "NeMo/NIM",
    "CUDA/Triton"
  ],
  "compliance": [],
  "data_controls": [],
  "governance": [],
  "security": {
    "certifications": [],
    "sso": null
  },
  "technical": {
    "context_tokens": null,
    "latency_ms": null,
    "throughput_rps": null,
    "sdk_languages": []
  },
  "benchmarks": {
    "latency_ms_p50": null,
    "latency_ms_p95": null,
    "note": null
  },
  "privacy": {
    "training_policy": null,
    "data_retention": null
  },
  "limits": {
    "free_tier": null,
    "rate_limits": null
  },
  "uptime_slo": null,
  "pricing": {
    "model": "Licensed/enterprise",
    "plans": [
      {
        "name": "Enterprise",
        "price": null,
        "billing": "contract"
      }
    ]
  },
  "pricing_notes": null,
  "pros_cons": {
    "pros": [],
    "cons": []
  },
  "key_differentiators": [
    "GPU acceleration & low latency",
    "On‑prem/private cloud"
  ],
  "limitations": [],
  "import_export": [],
  "setup_time": "Minutes",
  "case_studies": [
    {
      "title": "Riva overview & customers",
      "url": "https://www.nvidia.com/en-us/ai/"
    }
  ],
  "migration_paths": [],
  "roadmap_highlights": [],
  "alternatives_notes": null,
  "vendor": {
    "name": "NVIDIA",
    "hq_country": null,
    "twitter": "https://twitter.com/NVIDIADC",
    "linkedin": "https://www.linkedin.com/company/nvidia/",
    "contact_email": null
  },
  "links": {
    "pricing": "https://www.nvidia.com/en-us/ai/",
    "docs": "https://docs.nvidia.com/riva/index.html",
    "changelog": null,
    "support": "https://docs.nvidia.com/riva/index.html"
  },
  "release_date": null,
  "updated_at": "2025-10-12T00:05:47Z",
  "status": "active",
  "flags": {
    "free": true,
    "open_source": false,
    "no_signup": false,
    "api_available": true,
    "mobile_app": false,
    "privacy_first": false,
    "verified": true
  },
  "community": {
    "rating": null,
    "votes": null,
    "reviews": []
  },
  "gallery": [
    {
      "src": "https://docs.nvidia.com/riva/index.html/favicon.ico",
      "caption": "NVIDIA Riva ASR icon"
    }
  ],
  "tutorials": [
    {
      "title": "Getting started with Riva ASR",
      "youtube": "https://www.youtube.com/watch?v=JRVZxNngfKY",
      "provider": "YouTube"
    },
    {
      "title": "Riva ASR + AudioCodes demo",
      "youtube": "https://www.youtube.com/watch?v=7GgC7tumbQw",
      "provider": "YouTube"
    },
    {
      "title": "Riva Parakeet NIM quickstart",
      "youtube": "https://www.youtube.com/watch?v=QujhSgczkDo",
      "provider": "YouTube"
    }
  ],
  "q_and_a": []
}