{
  "id": "picovoice-leopard",
  "name": "Picovoice Leopard",
  "slug": "picovoice-leopard",
  "logo_url": "https://picovoice.ai/platform/leopard/favicon.ico",
  "icon_url": "https://picovoice.ai/platform/leopard/favicon.ico",
  "images": [
    "https://picovoice.ai/platform/leopard/favicon.ico"
  ],
  "website_url": "https://picovoice.ai/platform/leopard/",
  "tagline": "Private, on‑device speech‑to‑text SDK for apps and devices.",
  "summary": "Picovoice Leopard is an on‑device speech‑to‑text engine designed for private, offline transcription on web, mobile, desktop, and embedded platforms. It prioritizes privacy and low resource usage while offering cloud‑level accuracy on supported languages. Developers integrate via SDKs for Python, JavaScript, C#, Java, Go, and more; examples show file transcription, microphone streaming, and word-level timestamps with confidences.\n\nLeopard suits apps that require offline operation, reduced latency, or strict data residency, such as note‑taking, field operations, and in‑app search. Pricing includes a free tier for development and commercial plans for distribution. Documentation, code samples, and official tutorials cover implementations across platforms.",
  "main_category": "Speech-to-Text / ASR",
  "subcategory": null,
  "categories": [
    "Speech-to-Text",
    "Media AI",
    "Developer Tools"
  ],
  "tasks": [
    "Offline transcription",
    "Word timestamps/confidence"
  ],
  "use_cases": [
    "Private note‑taking",
    "Field apps",
    "Kiosk/offline devices"
  ],
  "best_for": [
    "Privacy‑first apps",
    "Offline/edge workloads"
  ],
  "ideal_industries": [],
  "roles": [],
  "job_roles": [],
  "models": [
    "Leopard on‑device STT"
  ],
  "platforms": [
    "SDKs (Web, Mobile, Desktop, Embedded)"
  ],
  "languages": [
    "English, Spanish, French, German, Italian, Japanese, Korean, Portuguese (see docs)"
  ],
  "integrations": [
    "Local SDKs; no network required"
  ],
  "compliance": [],
  "data_controls": [],
  "governance": [],
  "security": {
    "certifications": [],
    "sso": null
  },
  "technical": {
    "context_tokens": null,
    "latency_ms": null,
    "throughput_rps": null,
    "sdk_languages": []
  },
  "benchmarks": {
    "latency_ms_p50": null,
    "latency_ms_p95": null,
    "note": null
  },
  "privacy": {
    "training_policy": null,
    "data_retention": null
  },
  "limits": {
    "free_tier": "Free developer plan",
    "rate_limits": null
  },
  "uptime_slo": null,
  "pricing": {
    "model": "Free + commercial licenses",
    "plans": [
      {
        "name": "Free/Starter/Enterprise",
        "price": null,
        "billing": "license"
      }
    ]
  },
  "pricing_notes": null,
  "pros_cons": {
    "pros": [],
    "cons": []
  },
  "key_differentiators": [
    "On‑device privacy",
    "Multi‑platform SDKs"
  ],
  "limitations": [],
  "import_export": [],
  "setup_time": "Minutes",
  "case_studies": [
    {
      "title": "Leopard product overview",
      "url": "https://picovoice.ai/platform/leopard/"
    }
  ],
  "migration_paths": [],
  "roadmap_highlights": [],
  "alternatives_notes": null,
  "vendor": {
    "name": "Picovoice",
    "hq_country": null,
    "twitter": "https://twitter.com/PicovoiceAI",
    "linkedin": "https://www.linkedin.com/company/picovoice/",
    "contact_email": null
  },
  "links": {
    "pricing": "https://picovoice.ai/pricing/",
    "docs": "https://picovoice.ai/docs/leopard/",
    "changelog": null,
    "support": "https://picovoice.ai/support/"
  },
  "release_date": null,
  "updated_at": "2025-10-12T00:05:47Z",
  "status": "active",
  "flags": {
    "free": true,
    "open_source": false,
    "no_signup": false,
    "api_available": true,
    "mobile_app": false,
    "privacy_first": true,
    "verified": true
  },
  "community": {
    "rating": null,
    "votes": null,
    "reviews": []
  },
  "gallery": [
    {
      "src": "https://picovoice.ai/platform/leopard/favicon.ico",
      "caption": "Picovoice Leopard icon"
    }
  ],
  "tutorials": [
    {
      "title": "Leopard Console tutorial (official)",
      "youtube": "https://www.youtube.com/watch?v=e5Y8SODx-Hs",
      "provider": "YouTube"
    },
    {
      "title": "Leopard Python SDK (official)",
      "youtube": "https://www.youtube.com/watch?v=pz3NNoinwgg",
      "provider": "YouTube"
    },
    {
      "title": "Leopard React integration (official)",
      "youtube": "https://www.youtube.com/watch?v=CtnYBHT-IxY",
      "provider": "YouTube"
    }
  ],
  "q_and_a": []
}