{
  "id": "rev-ai",
  "name": "Rev AI",
  "slug": "rev-ai",
  "logo_url": "https://www.rev.ai/favicon.ico",
  "icon_url": "https://www.rev.ai/favicon.ico",
  "images": [
    "https://www.rev.ai/favicon.ico"
  ],
  "website_url": "https://www.rev.ai/",
  "tagline": "Speech-to-Text APIs plus human transcription option; streaming and batch.",
  "summary": "Rev AI provides automatic speech recognition via asynchronous (file) and streaming APIs, backed by a company known for human transcription services. The platform includes language identification, topic extraction, sentiment analysis, and forced alignment for precise timestamps. Developers integrate through REST and WebSocket endpoints and can test live streaming in the browser without code.\n\nUse cases include captioning, accessibility, meeting notes, call analytics, and content search. Rev emphasizes accuracy and readability and publishes practical limits and best practices for streaming sessions. Pricing is usage‑based, with enterprise deployments and security options available.\n\nRev AI is a fit for teams that want high‑accuracy ASR with optional human workflows and a straightforward path from prototype to production.",
  "main_category": "Speech-to-Text / ASR",
  "subcategory": null,
  "categories": [
    "Speech-to-Text",
    "Media AI",
    "Developer Tools"
  ],
  "tasks": [
    "Batch & streaming ASR",
    "Language ID",
    "Sentiment/Topics",
    "Forced alignment"
  ],
  "use_cases": [
    "Captioning",
    "Accessibility",
    "Meetings",
    "Call analytics"
  ],
  "best_for": [
    "Product teams needing readable transcripts"
  ],
  "ideal_industries": [],
  "roles": [],
  "job_roles": [],
  "models": [
    "Rev AI ASR (async/streaming)",
    "Human transcription (optional)"
  ],
  "platforms": [
    "Web dashboard",
    "REST",
    "WebSocket"
  ],
  "languages": [
    "Multiple (see docs)"
  ],
  "integrations": [
    "SDKs",
    "Postman templates",
    "Browser demo"
  ],
  "compliance": [],
  "data_controls": [],
  "governance": [],
  "security": {
    "certifications": [],
    "sso": null
  },
  "technical": {
    "context_tokens": null,
    "latency_ms": null,
    "throughput_rps": null,
    "sdk_languages": []
  },
  "benchmarks": {
    "latency_ms_p50": null,
    "latency_ms_p95": null,
    "note": null
  },
  "privacy": {
    "training_policy": null,
    "data_retention": null
  },
  "limits": {
    "free_tier": "Free test options",
    "rate_limits": "Streaming: ~10 concurrent, ~3‑hour sessions (see docs)"
  },
  "uptime_slo": null,
  "pricing": {
    "model": "Usage‑based",
    "plans": [
      {
        "name": "Pay‑as‑you‑go",
        "price": null,
        "billing": "usage"
      }
    ]
  },
  "pricing_notes": null,
  "pros_cons": {
    "pros": [],
    "cons": []
  },
  "key_differentiators": [
    "Readable transcripts",
    "Human+AI options",
    "Browser streaming demo"
  ],
  "limitations": [],
  "import_export": [],
  "setup_time": "Minutes",
  "case_studies": [
    {
      "title": "Customer stories",
      "url": "https://www.rev.com/customers"
    }
  ],
  "migration_paths": [],
  "roadmap_highlights": [],
  "alternatives_notes": null,
  "vendor": {
    "name": "Rev AI",
    "hq_country": null,
    "twitter": "https://twitter.com/Rev",
    "linkedin": "https://www.linkedin.com/company/rev/",
    "contact_email": null
  },
  "links": {
    "pricing": "https://www.rev.ai/pricing",
    "docs": "https://docs.rev.ai/api/",
    "changelog": "https://docs.rev.ai/changelog/",
    "support": "https://help.rev.ai/hc/en-us"
  },
  "release_date": null,
  "updated_at": "2025-10-12T00:05:47Z",
  "status": "active",
  "flags": {
    "free": true,
    "open_source": false,
    "no_signup": false,
    "api_available": true,
    "mobile_app": false,
    "privacy_first": false,
    "verified": true
  },
  "community": {
    "rating": null,
    "votes": null,
    "reviews": []
  },
  "gallery": [
    {
      "src": "https://www.rev.ai/favicon.ico",
      "caption": "Rev AI icon"
    }
  ],
  "tutorials": [
    {
      "title": "Rev Tutorials playlist (official)",
      "youtube": "https://www.youtube.com/playlist?list=PLVWotJoVGalZrDwnVPZHVhQpB65sErTUN",
      "provider": "YouTube"
    },
    {
      "title": "Streaming API – get started",
      "youtube": "https://www.youtube.com/watch?v=3X_XfTDRuuo",
      "provider": "YouTube"
    },
    {
      "title": "Rev AI Notetaker overview",
      "youtube": "https://www.youtube.com/watch?v=La_nVAeyHdg",
      "provider": "YouTube"
    }
  ],
  "q_and_a": []
}