{
  "id": "elevenlabs",
  "name": "ElevenLabs",
  "slug": "elevenlabs",
  "logo_url": "https://elevenlabs.io/favicon.ico",
  "icon_url": "https://elevenlabs.io/favicon.ico",
  "images": [],
  "website_url": "https://elevenlabs.io",
  "tagline": "AI voices: TTS, dubbing, agents, and audio tools",
  "summary": "ElevenLabs is a leading AI audio platform offering high‑fidelity text‑to‑speech (TTS), voice cloning, voice isolation, sound effects, dubbing, and a growing agents platform for conversational use cases. The product spans a Studio UI for creators, APIs for developers, and enterprise options with SLAs, priority access, dedicated support, and volume pricing. Multilingual models power natural prosody in 30+ languages, while voice design and cloning enable custom brand voices with controllable stability, similarity, and style. Dubbing Studio brings translation and frame‑level lip‑sync into one interface and supports multi‑speaker detection and transcript editing for precise timing and delivery. \n\n\nPlans are credit‑based and published with clear allowances on the pricing page; credits generally map to characters for TTS with model‑specific rates. Credit behavior is well documented: upgrading mid‑cycle starts a new billing period and carries your remaining credits forward into the new quota; downgrades or cancellations take effect at the end of the current cycle and forfeiture of remaining credits may apply. Enterprise‑grade options include SSO, SOC II posture, and additional deployment and data safeguards described across the docs, blog, and help center. \n\n\nElevenLabs maintains an active customer stories feed highlighting production deployments across publishing, entertainment, gaming, e‑commerce, and education. Examples range from global media brands bringing conversational AI to journalism, to retailers and contact‑center platforms deploying voice agents with satisfaction metrics. Tutorials and launch videos on ElevenLabs’ official channel cover conversational agents, model updates, and developer integrations, while webinars and product guides provide deeper implementation patterns for teams. \n\n\nElevenLabs is best for teams seeking lifelike synthetic voices with granular control, straightforward API access, and a clear migration path from free to paid plans; it fits creator workflows (voiceovers, audiobooks, localization), developer integrations (apps, games), and enterprise voice agents—where language breadth, quality, and speed are critical.",
  "main_category": "Voice & Audio",
  "subcategory": "Text-to-Speech, Dubbing, Conversational Agents",
  "categories": [
    "TTS",
    "Dubbing",
    "Voice Cloning",
    "Sound Effects",
    "Speech-to-Text (beta)"
  ],
  "tasks": [
    "Generate speech",
    "Clone/design a voice",
    "Dub multi‑language video",
    "Build voice agents",
    "Sound effects"
  ],
  "use_cases": [
    "Audiobooks & narration",
    "Video localization",
    "Customer support voice agents",
    "Accessibility/education content",
    "Game NPC voices"
  ],
  "best_for": [
    "Creators",
    "Developers",
    "Media publishers",
    "E‑commerce & contact centers"
  ],
  "ideal_industries": [
    "Media & Entertainment",
    "Publishing",
    "E‑commerce",
    "Education",
    "Gaming"
  ],
  "roles": [
    "Creator",
    "Sound Designer",
    "Engineer",
    "Product Manager",
    "Support Ops"
  ],
  "job_roles": [
    "Voice Engineer",
    "Content Creator",
    "Developer",
    "Localization PM"
  ],
  "models": [
    "Multilingual V3",
    "Turbo/Flash tiers (pricing dependent)",
    "Agents platform"
  ],
  "platforms": [
    "Web app",
    "API",
    "Mobile app"
  ],
  "languages": [
    "30+ languages (per docs/use-cases)"
  ],
  "integrations": [
    "Voice Library",
    "Dubbing Studio",
    "Agents Platform",
    "API"
  ],
  "compliance": [
    "SOC II (vendor posture)",
    "GDPR-aligned statements"
  ],
  "data_controls": [
    "Project and asset controls",
    "API keys/scopes"
  ],
  "governance": [
    "Team workspaces; plan-based controls"
  ],
  "security": {
    "certifications": [
      "SOC II (posture)"
    ],
    "sso": "Available on enterprise/teams (per sales)"
  },
  "technical": {
    "context_tokens": null,
    "latency_ms": null,
    "throughput_rps": null,
    "sdk_languages": [
      "Python",
      "JavaScript",
      "cURL/HTTP"
    ]
  },
  "benchmarks": {
    "latency_ms_p50": null,
    "latency_ms_p95": null,
    "note": null
  },
  "privacy": {
    "training_policy": "See Safety & Privacy pages",
    "data_retention": "Plan- and product‑specific; see docs"
  },
  "limits": {
    "free_tier": "Free tier available; plan allowances and watermark rules apply by tool",
    "rate_limits": "Plan-based rate limits; API usage tied to credits"
  },
  "uptime_slo": null,
  "pricing": {
    "model": "Credit-based subscriptions by tier; enterprise contracts",
    "plans": [
      {
        "name": "Starter",
        "price": "$5/month",
        "billing": "monthly"
      },
      {
        "name": "Creator",
        "price": "$11/month",
        "billing": "monthly"
      },
      {
        "name": "Pro",
        "price": "$99/month",
        "billing": "monthly"
      },
      {
        "name": "Scale",
        "price": "$330/month",
        "billing": "monthly"
      },
      {
        "name": "Business",
        "price": "$1,320/month",
        "billing": "monthly"
      },
      {
        "name": "Enterprise",
        "price": "Custom",
        "billing": "contract"
      }
    ]
  },
  "pricing_notes": "Pricing page lists credits per plan and approximate minutes per plan by model; credit-to-character rules vary by model and plan.",
  "pros_cons": {
    "pros": [
      "Very natural prosody in many languages",
      "Clear API and docs",
      "Fast-moving product (agents, dubbing, new models)"
    ],
    "cons": [
      "Credit math varies by model",
      "Watermarks/feature access depend on plan",
      "Some features gated to higher tiers"
    ]
  },
  "key_differentiators": [
    "Speech quality",
    "Dubbing + lip‑sync in one tool",
    "Agents platform for conversational voice"
  ],
  "limitations": [
    "Commercial usage and watermark rules depend on plan"
  ],
  "import_export": [
    "Standard audio formats; transcript/project export in tools"
  ],
  "setup_time": "Minutes for creators; hours/days for team integrations",
  "case_studies": [
    {
      "title": "TIME brings conversational AI to journalism",
      "url": "https://elevenlabs.io/use-cases"
    },
    {
      "title": "Aston Martin Aramco F1 — Ai.lonso activation",
      "url": "https://elevenlabs.io/use-cases"
    },
    {
      "title": "Dubbing made simpler, sharper, and faster at PERSO.ai",
      "url": "https://elevenlabs.io/blog/persoai"
    }
  ],
  "migration_paths": [
    "Upgrade/downgrade between plan tiers—remaining credits are carried over when upgrading; downgrades take effect at end of cycle",
    "Move from Free → paid plan to unlock commercial usage and remove watermarks based on plan allowances"
  ],
  "roadmap_highlights": [],
  "alternatives_notes": "Compares with PlayHT, Azure/CereWave, and others; notable for combined dubbing + agents",
  "vendor": {
    "name": "Eleven Labs, Inc.",
    "hq_country": "USA",
    "twitter": "https://x.com/elevenlabsio",
    "linkedin": "https://www.linkedin.com/company/elevenlabs/",
    "contact_email": null
  },
  "links": {
    "pricing": "https://elevenlabs.io/pricing",
    "docs": "https://elevenlabs.io/docs",
    "changelog": "https://elevenlabs.io/blog",
    "support": "https://help.elevenlabs.io/"
  },
  "release_date": null,
  "updated_at": "2025-10-11T23:38:55Z",
  "status": "active",
  "flags": {
    "free": true,
    "open_source": false,
    "no_signup": false,
    "api_available": true,
    "mobile_app": true,
    "privacy_first": false,
    "verified": true
  },
  "community": {
    "rating": null,
    "votes": null,
    "reviews": [
      {
        "id": "r1",
        "title": "High-quality multilingual TTS",
        "author": "Customer stories & press",
        "rating": 5,
        "created_at": "2025-10-11T23:38:55Z",
        "body": "Production examples in publishing and contact centers showcase realistic delivery and broad language coverage."
      }
    ]
  },
  "gallery": [
    {
      "src": "https://elevenlabs.io/favicon.ico",
      "caption": "ElevenLabs brand mark"
    }
  ],
  "tutorials": [
    {
      "title": "Introducing ElevenLabs Conversational AI 2.0 (official)",
      "youtube": "https://www.youtube.com/watch?v=TlclS4wLWgY",
      "provider": "YouTube"
    },
    {
      "title": "Introducing the ElevenLabs MCP server (official)",
      "youtube": "https://www.youtube.com/watch?v=y4RYdziCeQE",
      "provider": "YouTube"
    },
    {
      "title": "Voice Remixing — Transform any voice (official)",
      "youtube": "https://www.youtube.com/watch?v=wjnT5NahQY0",
      "provider": "YouTube"
    }
  ],
  "q_and_a": [
    {
      "q": "What happens to credits when I upgrade or downgrade?",
      "a": "Upgrading starts a new billing cycle and carries remaining credits into the new quota; downgrades/cancellations apply at cycle end.",
      "source": "https://help.elevenlabs.io/hc/en-us/articles/13416127759121-What-happens-to-my-credits-when-I-upgrade-or-downgrade-my-subscription",
      "updated_at": "2025-10-11T23:38:55Z"
    },
    {
      "q": "Where can I find official customer stories?",
      "a": "See the Customer Stories category on the ElevenLabs blog.",
      "source": "https://elevenlabs.io/blog/category/customer-stories",
      "updated_at": "2025-10-11T23:38:55Z"
    }
  ]
}