{
  "id": "descript",
  "name": "Descript",
  "slug": "descript",
  "logo_url": "https://www.descript.com/favicon.ico",
  "icon_url": "https://www.descript.com/favicon.ico",
  "images": [
    "https://www.descript.com/favicon.ico"
  ],
  "website_url": "https://www.descript.com",
  "tagline": "All‑in‑one editing with transcription, multi‑track audio/video, and AI features.",
  "summary": "Descript is an all-in-one audio/video editor that centers on text-based editing: transcribe your media, edit the transcript like a document, and the timeline updates automatically. It includes multi-track editing, screen recording, studio sound enhancement, overdub voice, and publishing tools. Teams use it for podcasts, videos, training, and social content.\n\nThe workflow: import media, auto-transcribe, edit and arrange via the script/timeline, then mix and export. Subtitle export, filler-word removal, and templates accelerate production. Pricing tiers include free and paid plans; collaboration features support comments and shared projects.\n\nDescript is best for creators who want a powerful editor that integrates transcription tightly with video/audio production.",
  "main_category": "Speech-to-Text / ASR",
  "subcategory": null,
  "categories": [
    "Speech-to-Text",
    "Media AI",
    "Developer Tools"
  ],
  "tasks": [
    "Transcription",
    "Video/audio editing",
    "Overdub voice",
    "Subtitles"
  ],
  "use_cases": [
    "Podcasts",
    "Tutorials",
    "Marketing videos",
    "Training"
  ],
  "best_for": [
    "Creators",
    "Marketers",
    "Educators"
  ],
  "ideal_industries": [],
  "roles": [],
  "job_roles": [],
  "models": [
    "Descript transcription (service-managed)"
  ],
  "platforms": [
    "Desktop app (Mac/Windows)",
    "Web publishing"
  ],
  "languages": [
    "Multiple (see site)"
  ],
  "integrations": [],
  "compliance": [],
  "data_controls": [],
  "governance": [],
  "security": {
    "certifications": [],
    "sso": null
  },
  "technical": {
    "context_tokens": null,
    "latency_ms": null,
    "throughput_rps": null,
    "sdk_languages": []
  },
  "benchmarks": {
    "latency_ms_p50": null,
    "latency_ms_p95": null,
    "note": null
  },
  "privacy": {
    "training_policy": null,
    "data_retention": null
  },
  "limits": {
    "free_tier": null,
    "rate_limits": null
  },
  "uptime_slo": null,
  "pricing": {
    "model": null,
    "plans": []
  },
  "pricing_notes": null,
  "pros_cons": {
    "pros": [
      "Text-based editing workflow",
      "Rich production features"
    ],
    "cons": [
      "Heavier than pure web apps; learning curve for DAW users"
    ]
  },
  "key_differentiators": [
    "Tight transcript↔timeline integration",
    "Overdub & studio sound"
  ],
  "limitations": [],
  "import_export": [
    "SRT/VTT; MP4/WAV exports; project sharing"
  ],
  "setup_time": "Minutes",
  "case_studies": [],
  "migration_paths": [],
  "roadmap_highlights": [],
  "alternatives_notes": null,
  "vendor": {
    "name": "Descript, Inc.",
    "hq_country": null,
    "twitter": "https://twitter.com/descriptapp",
    "linkedin": "https://www.linkedin.com/company/descript/",
    "contact_email": null
  },
  "links": {
    "pricing": "https://www.descript.com/pricing",
    "docs": "https://help.descript.com",
    "changelog": "https://www.descript.com/changelog",
    "support": "https://help.descript.com"
  },
  "release_date": null,
  "updated_at": "2025-10-12T00:08:09Z",
  "status": "active",
  "flags": {
    "free": true,
    "open_source": false,
    "no_signup": false,
    "api_available": true,
    "mobile_app": false,
    "privacy_first": false,
    "verified": true
  },
  "community": {
    "rating": null,
    "votes": null,
    "reviews": []
  },
  "gallery": [
    {
      "src": "https://www.descript.com/favicon.ico",
      "caption": "Descript icon"
    }
  ],
  "tutorials": [
    {
      "title": "Descript channel (official)",
      "youtube": "https://www.youtube.com/@Descript",
      "provider": "YouTube"
    },
    {
      "title": "How to edit by editing text (official)",
      "youtube": "https://www.youtube.com/@Descript",
      "provider": "YouTube"
    },
    {
      "title": "Descript for podcasts (official)",
      "youtube": "https://www.youtube.com/@Descript",
      "provider": "YouTube"
    }
  ],
  "q_and_a": []
}