{
  "id": "fireflies-ai",
  "name": "Fireflies.ai",
  "slug": "fireflies-ai",
  "logo_url": "https://fireflies.ai/favicon.ico",
  "icon_url": "https://fireflies.ai/favicon.ico",
  "images": [
    "https://fireflies.ai/favicon.ico"
  ],
  "website_url": "https://fireflies.ai",
  "tagline": "AI meeting transcription, search, and action items across Zoom/Meet/Teams.",
  "summary": "Fireflies.ai records and transcribes meetings across Zoom, Google Meet, Microsoft Teams, and more. It provides searchable notes, speaker labeling, AI-generated summaries, and action items. Users invite the Fireflies bot to meetings or upload recordings, then collaborate in a web app with folders, comments, and integrations (CRM, project tools).\n\nUse cases: sales calls, customer success meetings, standups, and interviews. Fireflies offers team controls, workspace roles, and admin features for larger deployments. Pricing includes free and paid tiers; enterprise plans add governance and integrations.\n\nFireflies is best for teams that want searchable meeting knowledge and automatic summaries with minimal setup.",
  "main_category": "Speech-to-Text / ASR",
  "subcategory": null,
  "categories": [
    "Speech-to-Text",
    "Media AI",
    "Developer Tools"
  ],
  "tasks": [
    "Meeting capture",
    "Transcription",
    "Summarization",
    "Search"
  ],
  "use_cases": [
    "Sales/CS",
    "Standups",
    "Recruiting",
    "Interviews"
  ],
  "best_for": [
    "Teams of all sizes"
  ],
  "ideal_industries": [],
  "roles": [],
  "job_roles": [],
  "models": [
    "Fireflies ASR (service-managed)"
  ],
  "platforms": [
    "Web",
    "Chrome extension",
    "Integrations with Zoom/Meet/Teams"
  ],
  "languages": [
    "English + others (see site)"
  ],
  "integrations": [],
  "compliance": [],
  "data_controls": [],
  "governance": [],
  "security": {
    "certifications": [],
    "sso": null
  },
  "technical": {
    "context_tokens": null,
    "latency_ms": null,
    "throughput_rps": null,
    "sdk_languages": []
  },
  "benchmarks": {
    "latency_ms_p50": null,
    "latency_ms_p95": null,
    "note": null
  },
  "privacy": {
    "training_policy": null,
    "data_retention": null
  },
  "limits": {
    "free_tier": null,
    "rate_limits": null
  },
  "uptime_slo": null,
  "pricing": {
    "model": null,
    "plans": []
  },
  "pricing_notes": null,
  "pros_cons": {
    "pros": [
      "Easy meeting capture",
      "Good integrations"
    ],
    "cons": [
      "Less control than raw ASR APIs"
    ]
  },
  "key_differentiators": [
    "CRM/project tool integrations",
    "Team knowledge base"
  ],
  "limitations": [],
  "import_export": [
    "TXT/DOCX/SRT; app integrations"
  ],
  "setup_time": "Minutes",
  "case_studies": [],
  "migration_paths": [],
  "roadmap_highlights": [],
  "alternatives_notes": null,
  "vendor": {
    "name": "Fireflies.ai",
    "hq_country": null,
    "twitter": "https://twitter.com/firefliesai",
    "linkedin": "https://www.linkedin.com/company/fireflies-ai/",
    "contact_email": null
  },
  "links": {
    "pricing": "https://fireflies.ai/pricing",
    "docs": "https://guide.fireflies.ai",
    "changelog": null,
    "support": "https://guide.fireflies.ai/en/"
  },
  "release_date": null,
  "updated_at": "2025-10-12T00:08:09Z",
  "status": "active",
  "flags": {
    "free": true,
    "open_source": false,
    "no_signup": false,
    "api_available": true,
    "mobile_app": false,
    "privacy_first": false,
    "verified": true
  },
  "community": {
    "rating": null,
    "votes": null,
    "reviews": []
  },
  "gallery": [
    {
      "src": "https://fireflies.ai/favicon.ico",
      "caption": "Fireflies.ai icon"
    }
  ],
  "tutorials": [
    {
      "title": "Fireflies channel (official)",
      "youtube": "https://www.youtube.com/@Fireflies.ai",
      "provider": "YouTube"
    },
    {
      "title": "Meeting assistant overview (official)",
      "youtube": "https://www.youtube.com/@Fireflies.ai",
      "provider": "YouTube"
    },
    {
      "title": "CRM integration walkthrough (official)",
      "youtube": "https://www.youtube.com/@Fireflies.ai",
      "provider": "YouTube"
    }
  ],
  "q_and_a": []
}