{
  "id": "gladia",
  "name": "Gladia",
  "slug": "gladia",
  "logo_url": "https://gladia.io/favicon.ico",
  "icon_url": "https://gladia.io/favicon.ico",
  "images": [
    "https://gladia.io/favicon.ico"
  ],
  "website_url": "https://gladia.io",
  "tagline": "Real-time & batch ASR with speaker diarization and language ID.",
  "summary": "Gladia offers developer-friendly speech-to-text for real-time and batch audio with features such as speaker diarization, automatic language identification, and word timestamps. The platform provides REST and WebSocket APIs, SDKs, and a web console to inspect jobs. Gladia emphasizes low-latency streaming for live applications, along with scalable batch processing for large backlogs of audio.\n\nCommon applications include AI agents, meeting transcription, captions, and analytics. Getting started involves creating an API key, sending audio chunks over WebSocket or files to REST, and parsing JSON responses. Pricing is usage-based with transparent tiers; enterprise plans include support and SLAs.\n\nGladia is a good fit for dev teams that want straightforward ASR with modern endpoints and helpful features beyond raw transcription.",
  "main_category": "Speech-to-Text / ASR",
  "subcategory": null,
  "categories": [
    "Speech-to-Text",
    "Media AI",
    "Developer Tools"
  ],
  "tasks": [
    "Streaming & batch ASR",
    "Diarization",
    "Language ID",
    "Word timestamps"
  ],
  "use_cases": [
    "Agents",
    "Meetings",
    "Captioning",
    "Analytics"
  ],
  "best_for": [
    "Startups & product teams"
  ],
  "ideal_industries": [],
  "roles": [],
  "job_roles": [],
  "models": [
    "Gladia ASR models"
  ],
  "platforms": [
    "Web console",
    "REST/WebSocket",
    "SDKs"
  ],
  "languages": [
    "Multiple (see docs)"
  ],
  "integrations": [],
  "compliance": [],
  "data_controls": [],
  "governance": [],
  "security": {
    "certifications": [],
    "sso": null
  },
  "technical": {
    "context_tokens": null,
    "latency_ms": null,
    "throughput_rps": null,
    "sdk_languages": []
  },
  "benchmarks": {
    "latency_ms_p50": null,
    "latency_ms_p95": null,
    "note": null
  },
  "privacy": {
    "training_policy": null,
    "data_retention": null
  },
  "limits": {
    "free_tier": null,
    "rate_limits": null
  },
  "uptime_slo": null,
  "pricing": {
    "model": null,
    "plans": []
  },
  "pricing_notes": null,
  "pros_cons": {
    "pros": [
      "Low-latency streaming",
      "Diarization & LID",
      "Clear docs"
    ],
    "cons": [
      "Smaller ecosystem than hyperscalers"
    ]
  },
  "key_differentiators": [
    "Modern API design",
    "Competitive latency"
  ],
  "limitations": [],
  "import_export": [
    "JSON transcripts; SRT/VTT via tooling"
  ],
  "setup_time": "Minutes",
  "case_studies": [],
  "migration_paths": [],
  "roadmap_highlights": [],
  "alternatives_notes": null,
  "vendor": {
    "name": "Gladia",
    "hq_country": null,
    "twitter": "https://twitter.com/gladiaio",
    "linkedin": "https://www.linkedin.com/company/gladiaio/",
    "contact_email": null
  },
  "links": {
    "pricing": "https://gladia.io/pricing",
    "docs": "https://docs.gladia.io",
    "changelog": null,
    "support": "https://gladia.io/contact"
  },
  "release_date": null,
  "updated_at": "2025-10-12T00:08:09Z",
  "status": "active",
  "flags": {
    "free": true,
    "open_source": false,
    "no_signup": false,
    "api_available": true,
    "mobile_app": false,
    "privacy_first": false,
    "verified": true
  },
  "community": {
    "rating": null,
    "votes": null,
    "reviews": []
  },
  "gallery": [
    {
      "src": "https://gladia.io/favicon.ico",
      "caption": "Gladia icon"
    }
  ],
  "tutorials": [
    {
      "title": "Gladia API overview (community)",
      "youtube": "https://www.youtube.com/watch?v=2Tl1kScQ_Ug",
      "provider": "YouTube"
    },
    {
      "title": "Realtime WebSocket demo (community)",
      "youtube": "https://www.youtube.com/watch?v=jvPmtO3Q9qY",
      "provider": "YouTube"
    },
    {
      "title": "Gladia ASR quickstart (community)",
      "youtube": "https://www.youtube.com/watch?v=Qvbp5tFwHqs",
      "provider": "YouTube"
    }
  ],
  "q_and_a": []
}