{
  "id": "happy-scribe",
  "name": "Happy Scribe",
  "slug": "happy-scribe",
  "logo_url": "https://www.happyscribe.com/favicon.ico",
  "icon_url": "https://www.happyscribe.com/favicon.ico",
  "images": [
    "https://www.happyscribe.com/favicon.ico"
  ],
  "website_url": "https://www.happyscribe.com",
  "tagline": "Transcription & subtitles in many languages with editors & human service.",
  "summary": "Happy Scribe offers automatic and human transcription, subtitle creation, and translation for creators and teams. The web editor supports speaker labeling, timing, subtitle styling, and collaborative review. Users can export captions (SRT, VTT) and transcripts for publishing or post-production. \n\nIt’s used by education, media, and marketing teams seeking a balance between speed (AI) and accuracy (human review). Pricing includes pay-as-you-go and subscription options; enterprise accounts provide team features and invoicing.\n\nHappy Scribe is a practical choice for multilingual transcription and subtitle workflows with flexible quality levels.",
  "main_category": "Speech-to-Text / ASR",
  "subcategory": null,
  "categories": [
    "Speech-to-Text",
    "Media AI",
    "Developer Tools"
  ],
  "tasks": [
    "Transcription",
    "Subtitles",
    "Translation",
    "Human review"
  ],
  "use_cases": [
    "Education",
    "Media",
    "Marketing",
    "Podcasts"
  ],
  "best_for": [
    "Teams needing multilingual captions/subtitles"
  ],
  "ideal_industries": [],
  "roles": [],
  "job_roles": [],
  "models": [
    "AI transcription (service-managed)",
    "Human transcription"
  ],
  "platforms": [
    "Web app"
  ],
  "languages": [
    "Many (see site)"
  ],
  "integrations": [],
  "compliance": [],
  "data_controls": [],
  "governance": [],
  "security": {
    "certifications": [],
    "sso": null
  },
  "technical": {
    "context_tokens": null,
    "latency_ms": null,
    "throughput_rps": null,
    "sdk_languages": []
  },
  "benchmarks": {
    "latency_ms_p50": null,
    "latency_ms_p95": null,
    "note": null
  },
  "privacy": {
    "training_policy": null,
    "data_retention": null
  },
  "limits": {
    "free_tier": null,
    "rate_limits": null
  },
  "uptime_slo": null,
  "pricing": {
    "model": null,
    "plans": []
  },
  "pricing_notes": null,
  "pros_cons": {
    "pros": [
      "Subtitle + translation focus",
      "Option for human quality"
    ],
    "cons": [
      "Developer APIs lighter than dedicated ASR vendors"
    ]
  },
  "key_differentiators": [
    "Strong subtitle tooling",
    "Human service add‑on"
  ],
  "limitations": [],
  "import_export": [
    "SRT/VTT/TXT/DOCX; media uploads"
  ],
  "setup_time": "Minutes",
  "case_studies": [],
  "migration_paths": [],
  "roadmap_highlights": [],
  "alternatives_notes": null,
  "vendor": {
    "name": "Happy Scribe",
    "hq_country": null,
    "twitter": "https://twitter.com/HappyScribe",
    "linkedin": "https://www.linkedin.com/company/happy-scribe/",
    "contact_email": null
  },
  "links": {
    "pricing": "https://www.happyscribe.com/pricing",
    "docs": "https://support.happyscribe.com",
    "changelog": null,
    "support": "https://support.happyscribe.com"
  },
  "release_date": null,
  "updated_at": "2025-10-12T00:08:09Z",
  "status": "active",
  "flags": {
    "free": true,
    "open_source": false,
    "no_signup": false,
    "api_available": true,
    "mobile_app": false,
    "privacy_first": false,
    "verified": true
  },
  "community": {
    "rating": null,
    "votes": null,
    "reviews": []
  },
  "gallery": [
    {
      "src": "https://www.happyscribe.com/favicon.ico",
      "caption": "Happy Scribe icon"
    }
  ],
  "tutorials": [
    {
      "title": "Happy Scribe channel (official)",
      "youtube": "https://www.youtube.com/@HappyScribe",
      "provider": "YouTube"
    },
    {
      "title": "Create subtitles in Happy Scribe (official)",
      "youtube": "https://www.youtube.com/@HappyScribe",
      "provider": "YouTube"
    },
    {
      "title": "Subtitle formatting tips (community)",
      "youtube": "https://www.youtube.com/watch?v=5JmH4bmeB5I",
      "provider": "YouTube"
    }
  ],
  "q_and_a": []
}