{
  "id": "kaldi",
  "name": "Kaldi",
  "slug": "kaldi",
  "logo_url": "https://kaldi-asr.org/favicon.ico",
  "icon_url": "https://kaldi-asr.org/favicon.ico",
  "images": [
    "https://kaldi-asr.org/favicon.ico"
  ],
  "website_url": "https://kaldi-asr.org",
  "tagline": "Classic open‑source ASR toolkit widely used in research and industry.",
  "summary": "Kaldi is a classic open‑source toolkit for automatic speech recognition used in research and production systems for over a decade. It provides components for feature extraction, acoustic/language modeling, decoding graphs, and recipes for common datasets. While the ecosystem has shifted toward end‑to‑end neural models, Kaldi remains a powerful foundation for hybrid HMM‑DNN pipelines and for building custom, interpretable systems.\n\nKaldi is typically used by researchers and engineers with deep ASR expertise who need low‑level control, custom lexicons, and integration with existing C++ pipelines. Documentation and community resources include example scripts, mailing lists, and recipes. Many modern ASR models and datasets still provide references or compatibility layers for Kaldi.\n\nKaldi is best for specialized deployments and academic work where full control over the recognition stack is required.",
  "main_category": "Speech-to-Text / ASR",
  "subcategory": null,
  "categories": [
    "Speech-to-Text",
    "Media AI",
    "Developer Tools"
  ],
  "tasks": [
    "Feature extraction",
    "Acoustic/LM training",
    "Decoding"
  ],
  "use_cases": [
    "Research",
    "Specialized on‑prem ASR",
    "Legacy pipelines"
  ],
  "best_for": [
    "ASR researchers/engineers"
  ],
  "ideal_industries": [],
  "roles": [],
  "job_roles": [],
  "models": [
    "Hybrid HMM‑DNN recipes",
    "Community models"
  ],
  "platforms": [
    "Local/Server (C++/Bash/Python)"
  ],
  "languages": [
    "Dataset‑dependent"
  ],
  "integrations": [],
  "compliance": [],
  "data_controls": [],
  "governance": [],
  "security": {
    "certifications": [],
    "sso": null
  },
  "technical": {
    "context_tokens": null,
    "latency_ms": null,
    "throughput_rps": null,
    "sdk_languages": []
  },
  "benchmarks": {
    "latency_ms_p50": null,
    "latency_ms_p95": null,
    "note": null
  },
  "privacy": {
    "training_policy": null,
    "data_retention": null
  },
  "limits": {
    "free_tier": null,
    "rate_limits": null
  },
  "uptime_slo": null,
  "pricing": {
    "model": null,
    "plans": []
  },
  "pricing_notes": null,
  "pros_cons": {
    "pros": [
      "Full control & transparency",
      "Mature ecosystem"
    ],
    "cons": [
      "Steep learning curve; more setup than hosted APIs"
    ]
  },
  "key_differentiators": [
    "Hybrid pipeline flexibility"
  ],
  "limitations": [],
  "import_export": [
    "Model graphs; lattice outputs"
  ],
  "setup_time": "Minutes",
  "case_studies": [],
  "migration_paths": [],
  "roadmap_highlights": [],
  "alternatives_notes": null,
  "vendor": {
    "name": "Kaldi",
    "hq_country": null,
    "twitter": null,
    "linkedin": null,
    "contact_email": null
  },
  "links": {
    "pricing": null,
    "docs": "https://kaldi-asr.org/doc/",
    "changelog": null,
    "support": "https://groups.google.com/g/kaldi-help"
  },
  "release_date": null,
  "updated_at": "2025-10-12T00:08:09Z",
  "status": "active",
  "flags": {
    "free": true,
    "open_source": true,
    "no_signup": true,
    "api_available": false,
    "mobile_app": false,
    "privacy_first": false,
    "verified": true
  },
  "community": {
    "rating": null,
    "votes": null,
    "reviews": []
  },
  "gallery": [
    {
      "src": "https://kaldi-asr.org/favicon.ico",
      "caption": "Kaldi icon"
    }
  ],
  "tutorials": [
    {
      "title": "Kaldi tutorial series (community)",
      "youtube": "https://www.youtube.com/watch?v=O6Q2vAI5pUE",
      "provider": "YouTube"
    },
    {
      "title": "Kaldi for beginners (community)",
      "youtube": "https://www.youtube.com/watch?v=E9qFZpF8pZQ",
      "provider": "YouTube"
    },
    {
      "title": "Recipe walkthrough (community)",
      "youtube": "https://www.youtube.com/watch?v=F5YhDg4c8GY",
      "provider": "YouTube"
    }
  ],
  "q_and_a": []
}