{
  "id": "nvidia-nemo-asr",
  "name": "NVIDIA NeMo (ASR)",
  "slug": "nvidia-nemo-asr",
  "logo_url": "https://developer.nvidia.com/nvidia-nemo/favicon.ico",
  "icon_url": "https://developer.nvidia.com/nvidia-nemo/favicon.ico",
  "images": [
    "https://developer.nvidia.com/nvidia-nemo/favicon.ico"
  ],
  "website_url": "https://developer.nvidia.com/nvidia-nemo",
  "tagline": "Toolkits for training & deploying ASR models; open checkpoints & NIMs.",
  "summary": "NVIDIA NeMo is a toolkit for building and adapting speech and language models, including ASR. It provides training scripts, data prep, and inference examples for models like Conformer and Citrinet, and connects to the broader NVIDIA AI stack (CUDA, Triton Inference Server). NeMo also underpins NVIDIA’s NIM microservices for packaged model deployment.\n\nTeams use NeMo to fine‑tune speech models on domain data, evaluate WER, and deploy to GPUs on‑prem or in the cloud. Documentation and examples cover data pipelines, augmentation, and optimization. NeMo is aimed at engineers and researchers who need to customize models beyond what hosted ASR services offer.\n\nNeMo is best for organizations that have GPU resources and want full control over training and deployment for ASR.",
  "main_category": "Speech-to-Text / ASR",
  "subcategory": null,
  "categories": [
    "Speech-to-Text",
    "Media AI",
    "Developer Tools"
  ],
  "tasks": [
    "Training/fine‑tuning ASR",
    "Evaluation",
    "Inference pipelines"
  ],
  "use_cases": [
    "Domain ASR",
    "On‑prem deployments",
    "Research"
  ],
  "best_for": [
    "Engineers/Researchers with GPUs"
  ],
  "ideal_industries": [],
  "roles": [],
  "job_roles": [],
  "models": [
    "Conformer/Citrinet ASR recipes",
    "Checkpoints in NGC"
  ],
  "platforms": [
    "PyTorch toolkit",
    "NIM microservices",
    "Triton Inference Server"
  ],
  "languages": [
    "Depends on datasets/checkpoints"
  ],
  "integrations": [],
  "compliance": [],
  "data_controls": [],
  "governance": [],
  "security": {
    "certifications": [],
    "sso": null
  },
  "technical": {
    "context_tokens": null,
    "latency_ms": null,
    "throughput_rps": null,
    "sdk_languages": []
  },
  "benchmarks": {
    "latency_ms_p50": null,
    "latency_ms_p95": null,
    "note": null
  },
  "privacy": {
    "training_policy": null,
    "data_retention": null
  },
  "limits": {
    "free_tier": null,
    "rate_limits": null
  },
  "uptime_slo": null,
  "pricing": {
    "model": null,
    "plans": []
  },
  "pricing_notes": null,
  "pros_cons": {
    "pros": [
      "Full training control",
      "Optimized for NVIDIA GPUs"
    ],
    "cons": [
      "Complexity of ML pipelines; requires GPUs"
    ]
  },
  "key_differentiators": [
    "End‑to‑end recipes & NGC checkpoints"
  ],
  "limitations": [],
  "import_export": [
    "Model artifacts; ONNX/Triton deployment"
  ],
  "setup_time": "Minutes",
  "case_studies": [],
  "migration_paths": [],
  "roadmap_highlights": [],
  "alternatives_notes": null,
  "vendor": {
    "name": "NVIDIA",
    "hq_country": null,
    "twitter": "https://twitter.com/NVIDIADC",
    "linkedin": "https://www.linkedin.com/company/nvidia/",
    "contact_email": null
  },
  "links": {
    "pricing": "https://www.nvidia.com/en-us/ai/",
    "docs": "https://docs.nvidia.com/nemo-framework/user-guide/latest/",
    "changelog": null,
    "support": "https://developer.nvidia.com/nvidia-developer-program"
  },
  "release_date": null,
  "updated_at": "2025-10-12T00:08:09Z",
  "status": "active",
  "flags": {
    "free": true,
    "open_source": true,
    "no_signup": true,
    "api_available": false,
    "mobile_app": false,
    "privacy_first": false,
    "verified": true
  },
  "community": {
    "rating": null,
    "votes": null,
    "reviews": []
  },
  "gallery": [
    {
      "src": "https://developer.nvidia.com/nvidia-nemo/favicon.ico",
      "caption": "NVIDIA NeMo (ASR) icon"
    }
  ],
  "tutorials": [
    {
      "title": "NeMo ASR training (NVIDIA)",
      "youtube": "https://www.youtube.com/watch?v=yQAYZ2Vx8Hk",
      "provider": "YouTube"
    },
    {
      "title": "Conformer/Citrinet in NeMo (NVIDIA)",
      "youtube": "https://www.youtube.com/watch?v=Hrs7V6u5k-Y",
      "provider": "YouTube"
    },
    {
      "title": "Deploy with Triton (NVIDIA)",
      "youtube": "https://www.youtube.com/watch?v=Jr6J5l7HLB8",
      "provider": "YouTube"
    }
  ],
  "q_and_a": []
}