{
  "id": "otter-ai",
  "name": "Otter.ai",
  "slug": "otter-ai",
  "logo_url": "https://otter.ai/favicon.ico",
  "icon_url": "https://otter.ai/favicon.ico",
  "images": [
    "https://otter.ai/favicon.ico"
  ],
  "website_url": "https://otter.ai",
  "tagline": "Meeting transcription, live notes, and AI summaries.",
  "summary": "Otter.ai is a meeting transcription app that provides live notes, speaker attribution, slide capture, and AI summaries. It integrates with Zoom, Google Meet, and Microsoft Teams to auto-join meetings, generate transcripts in real time, and produce action items. Otter offers web and mobile apps for reviewing highlights, comments, and shared folders.\n\nUse cases include team meetings, lectures, and interviews. Plans range from free to business, with admin controls for larger teams. Otter’s export options cover TXT, DOCX, and SRT for captions. The product focuses on productivity features like keyword search, assignment of tasks, and automatic sharing to attendees.\n\nOtter is best for users who want turnkey meeting notes with minimal setup and strong collaboration.",
  "main_category": "Speech-to-Text / ASR",
  "subcategory": null,
  "categories": [
    "Speech-to-Text",
    "Media AI",
    "Developer Tools"
  ],
  "tasks": [
    "Live transcription",
    "Summaries",
    "Action items",
    "Speaker attribution"
  ],
  "use_cases": [
    "Meetings",
    "Lectures",
    "Interviews"
  ],
  "best_for": [
    "Teams",
    "Students",
    "Professionals"
  ],
  "ideal_industries": [],
  "roles": [],
  "job_roles": [],
  "models": [
    "Otter ASR (service-managed)"
  ],
  "platforms": [
    "Web",
    "iOS/Android",
    "Chrome extension"
  ],
  "languages": [
    "English (primary; see site for updates)"
  ],
  "integrations": [],
  "compliance": [],
  "data_controls": [],
  "governance": [],
  "security": {
    "certifications": [],
    "sso": null
  },
  "technical": {
    "context_tokens": null,
    "latency_ms": null,
    "throughput_rps": null,
    "sdk_languages": []
  },
  "benchmarks": {
    "latency_ms_p50": null,
    "latency_ms_p95": null,
    "note": null
  },
  "privacy": {
    "training_policy": null,
    "data_retention": null
  },
  "limits": {
    "free_tier": null,
    "rate_limits": null
  },
  "uptime_slo": null,
  "pricing": {
    "model": null,
    "plans": []
  },
  "pricing_notes": null,
  "pros_cons": {
    "pros": [
      "Turnkey meeting assistant",
      "Real-time notes & summaries"
    ],
    "cons": [
      "Less control for developer pipelines"
    ]
  },
  "key_differentiators": [
    "Auto-join & slide capture",
    "Collaboration in notes"
  ],
  "limitations": [],
  "import_export": [
    "TXT/DOCX/SRT; meeting share links"
  ],
  "setup_time": "Minutes",
  "case_studies": [],
  "migration_paths": [],
  "roadmap_highlights": [],
  "alternatives_notes": null,
  "vendor": {
    "name": "Otter.ai, Inc.",
    "hq_country": null,
    "twitter": "https://twitter.com/otter_ai",
    "linkedin": "https://www.linkedin.com/company/otterai/",
    "contact_email": null
  },
  "links": {
    "pricing": "https://otter.ai/pricing",
    "docs": "https://help.otter.ai",
    "changelog": null,
    "support": "https://help.otter.ai"
  },
  "release_date": null,
  "updated_at": "2025-10-12T00:08:09Z",
  "status": "active",
  "flags": {
    "free": true,
    "open_source": false,
    "no_signup": false,
    "api_available": true,
    "mobile_app": false,
    "privacy_first": false,
    "verified": true
  },
  "community": {
    "rating": null,
    "votes": null,
    "reviews": []
  },
  "gallery": [
    {
      "src": "https://otter.ai/favicon.ico",
      "caption": "Otter.ai icon"
    }
  ],
  "tutorials": [
    {
      "title": "Otter.ai channel (official)",
      "youtube": "https://www.youtube.com/@Otter_ai",
      "provider": "YouTube"
    },
    {
      "title": "Using Otter in Zoom/Meet (official)",
      "youtube": "https://www.youtube.com/@Otter_ai",
      "provider": "YouTube"
    },
    {
      "title": "Otter AI meeting assistant tour (official)",
      "youtube": "https://www.youtube.com/@Otter_ai",
      "provider": "YouTube"
    }
  ],
  "q_and_a": []
}