{
  "id": "sonix",
  "name": "Sonix",
  "slug": "sonix",
  "logo_url": "https://sonix.ai/favicon.ico",
  "icon_url": "https://sonix.ai/favicon.ico",
  "images": [
    "https://sonix.ai/favicon.ico"
  ],
  "website_url": "https://sonix.ai",
  "tagline": "Automated transcription & subtitles with a powerful online editor.",
  "summary": "Sonix is a transcription platform for creators and businesses with an online editor that supports speaker labeling, search, highlights, collaboration, and subtitle export. Users upload audio/video, auto-transcribe, and then edit transcripts like a document with tracked changes and versioning. The platform offers translation, subtitle styling, and integrations for common workflows.\n\nUse cases include podcasts, journalism, research, and marketing content. Sonix provides multi-language support, word timestamps, and export formats (SRT, VTT, DOCX). Pricing is subscription or pay-as-you-go. A browser-based editor and shareable links streamline team reviews.\n\nSonix is best for content teams who value an intuitive editing experience and shareable reviews, with optional API access for integrations.",
  "main_category": "Speech-to-Text / ASR",
  "subcategory": null,
  "categories": [
    "Speech-to-Text",
    "Media AI",
    "Developer Tools"
  ],
  "tasks": [
    "Transcription",
    "Subtitle export",
    "Translation",
    "Collaboration"
  ],
  "use_cases": [
    "Podcasts",
    "Journalism",
    "Research",
    "Marketing"
  ],
  "best_for": [
    "Content teams",
    "Agencies",
    "Researchers"
  ],
  "ideal_industries": [],
  "roles": [],
  "job_roles": [],
  "models": [
    "Sonix ASR (service-managed)"
  ],
  "platforms": [
    "Web app",
    "API"
  ],
  "languages": [
    "Dozens (see site)"
  ],
  "integrations": [],
  "compliance": [],
  "data_controls": [],
  "governance": [],
  "security": {
    "certifications": [],
    "sso": null
  },
  "technical": {
    "context_tokens": null,
    "latency_ms": null,
    "throughput_rps": null,
    "sdk_languages": []
  },
  "benchmarks": {
    "latency_ms_p50": null,
    "latency_ms_p95": null,
    "note": null
  },
  "privacy": {
    "training_policy": null,
    "data_retention": null
  },
  "limits": {
    "free_tier": null,
    "rate_limits": null
  },
  "uptime_slo": null,
  "pricing": {
    "model": null,
    "plans": []
  },
  "pricing_notes": null,
  "pros_cons": {
    "pros": [
      "Excellent web editor",
      "Subtitle/translation tools"
    ],
    "cons": [
      "Less control than pure developer ASR APIs"
    ]
  },
  "key_differentiators": [
    "Document-like transcript editor",
    "Collaboration features"
  ],
  "limitations": [],
  "import_export": [
    "SRT/VTT/DOCX/PDF; audio/video uploads"
  ],
  "setup_time": "Minutes",
  "case_studies": [],
  "migration_paths": [],
  "roadmap_highlights": [],
  "alternatives_notes": null,
  "vendor": {
    "name": "Sonix, Inc.",
    "hq_country": null,
    "twitter": "https://twitter.com/sonix_ai",
    "linkedin": "https://www.linkedin.com/company/sonix-inc-/",
    "contact_email": null
  },
  "links": {
    "pricing": "https://sonix.ai/pricing",
    "docs": "https://sonix.ai/help",
    "changelog": null,
    "support": "https://sonix.ai/contact"
  },
  "release_date": null,
  "updated_at": "2025-10-12T00:08:09Z",
  "status": "active",
  "flags": {
    "free": true,
    "open_source": false,
    "no_signup": false,
    "api_available": true,
    "mobile_app": false,
    "privacy_first": false,
    "verified": true
  },
  "community": {
    "rating": null,
    "votes": null,
    "reviews": []
  },
  "gallery": [
    {
      "src": "https://sonix.ai/favicon.ico",
      "caption": "Sonix icon"
    }
  ],
  "tutorials": [
    {
      "title": "Sonix overview (official)",
      "youtube": "https://www.youtube.com/@sonixai",
      "provider": "YouTube"
    },
    {
      "title": "Editing transcripts in Sonix (official)",
      "youtube": "https://www.youtube.com/@sonixai",
      "provider": "YouTube"
    },
    {
      "title": "Subtitle export demo (official)",
      "youtube": "https://www.youtube.com/@sonixai",
      "provider": "YouTube"
    }
  ],
  "q_and_a": []
}