{
  "id": "trint",
  "name": "Trint",
  "slug": "trint",
  "logo_url": "https://trint.com/favicon.ico",
  "icon_url": "https://trint.com/favicon.ico",
  "images": [
    "https://trint.com/favicon.ico"
  ],
  "website_url": "https://trint.com",
  "tagline": "Transcription & collaboration platform for teams and newsrooms.",
  "summary": "Trint is a transcription and collaboration platform tailored for teams, especially in media and newsrooms. Users upload media, auto-transcribe, and edit in a web editor with commenting, highlights, and team permissions. Trint supports translation, subtitle exports, and workflows for fact checking and publishing. Its collaboration features (projects, permissions, version history) are designed for multi-user environments.\n\nTypical use cases: interviews, content repurposing, documentary research, and podcast production. Trint provides integrations and shareable links for review and approval. Pricing is seat-based with team and enterprise plans.\n\nTrint suits editorial teams that need structured collaboration and approval alongside accurate, editable transcripts.",
  "main_category": "Speech-to-Text / ASR",
  "subcategory": null,
  "categories": [
    "Speech-to-Text",
    "Media AI",
    "Developer Tools"
  ],
  "tasks": [
    "Transcription",
    "Translation",
    "Subtitles",
    "Collaboration & review"
  ],
  "use_cases": [
    "Newsrooms",
    "Podcasts",
    "Documentaries",
    "Marketing"
  ],
  "best_for": [
    "Editorial teams",
    "Agencies",
    "Enterprises"
  ],
  "ideal_industries": [],
  "roles": [],
  "job_roles": [],
  "models": [
    "Trint ASR (service-managed)"
  ],
  "platforms": [
    "Web app",
    "API (selected)"
  ],
  "languages": [
    "Multiple (see site)"
  ],
  "integrations": [],
  "compliance": [],
  "data_controls": [],
  "governance": [],
  "security": {
    "certifications": [],
    "sso": null
  },
  "technical": {
    "context_tokens": null,
    "latency_ms": null,
    "throughput_rps": null,
    "sdk_languages": []
  },
  "benchmarks": {
    "latency_ms_p50": null,
    "latency_ms_p95": null,
    "note": null
  },
  "privacy": {
    "training_policy": null,
    "data_retention": null
  },
  "limits": {
    "free_tier": null,
    "rate_limits": null
  },
  "uptime_slo": null,
  "pricing": {
    "model": null,
    "plans": []
  },
  "pricing_notes": null,
  "pros_cons": {
    "pros": [
      "Team features & permissions",
      "Editorial workflows"
    ],
    "cons": [
      "Less developer-first than pure APIs"
    ]
  },
  "key_differentiators": [
    "Newsroom-grade collaboration",
    "Structured review & publish features"
  ],
  "limitations": [],
  "import_export": [
    "SRT/VTT/DOCX/PDF; share links"
  ],
  "setup_time": "Minutes",
  "case_studies": [],
  "migration_paths": [],
  "roadmap_highlights": [],
  "alternatives_notes": null,
  "vendor": {
    "name": "Trint Ltd.",
    "hq_country": null,
    "twitter": "https://twitter.com/trinthq",
    "linkedin": "https://www.linkedin.com/company/trint/",
    "contact_email": null
  },
  "links": {
    "pricing": "https://trint.com/pricing",
    "docs": "https://support.trint.com",
    "changelog": null,
    "support": "https://support.trint.com"
  },
  "release_date": null,
  "updated_at": "2025-10-12T00:08:09Z",
  "status": "active",
  "flags": {
    "free": true,
    "open_source": false,
    "no_signup": false,
    "api_available": true,
    "mobile_app": false,
    "privacy_first": false,
    "verified": true
  },
  "community": {
    "rating": null,
    "votes": null,
    "reviews": []
  },
  "gallery": [
    {
      "src": "https://trint.com/favicon.ico",
      "caption": "Trint icon"
    }
  ],
  "tutorials": [
    {
      "title": "Trint channel (official)",
      "youtube": "https://www.youtube.com/@TrintHQ",
      "provider": "YouTube"
    },
    {
      "title": "Trint for teams (official)",
      "youtube": "https://www.youtube.com/@TrintHQ",
      "provider": "YouTube"
    },
    {
      "title": "Subtitles & translation (official)",
      "youtube": "https://www.youtube.com/@TrintHQ",
      "provider": "YouTube"
    }
  ],
  "q_and_a": []
}