{
  "id": "verbit",
  "name": "Verbit",
  "slug": "verbit",
  "logo_url": "https://verbit.ai/favicon.ico",
  "icon_url": "https://verbit.ai/favicon.ico",
  "images": [
    "https://verbit.ai/favicon.ico"
  ],
  "website_url": "https://verbit.ai",
  "tagline": "Enterprise transcription & captioning with AI + human workflows.",
  "summary": "Verbit provides enterprise transcription, captioning, and accessibility solutions combining AI with professional human review. It serves education, legal, media, and enterprise customers with SLAs, compliance support, and integrations. The platform includes tools for ordering captions, managing projects, and ensuring standards (e.g., ADA, WCAG) are met for accessible video.\n\nTypical use cases include lecture capture, court transcripts, broadcast captions, and corporate events. Verbit offers APIs and platform integrations to automate submission and retrieval. Contracts and pricing are tailored by volume and turnaround needs.\n\nVerbit is best for institutions that require compliance, scale, and human-in-the-loop quality assurance.",
  "main_category": "Speech-to-Text / ASR",
  "subcategory": null,
  "categories": [
    "Speech-to-Text",
    "Media AI",
    "Developer Tools"
  ],
  "tasks": [
    "Transcription",
    "Captioning",
    "Compliance workflows",
    "Human QA"
  ],
  "use_cases": [
    "Higher ed",
    "Legal",
    "Broadcast",
    "Enterprise comms"
  ],
  "best_for": [
    "Institutions with compliance needs"
  ],
  "ideal_industries": [],
  "roles": [],
  "job_roles": [],
  "models": [
    "AI + Human workflows"
  ],
  "platforms": [
    "Web platform",
    "APIs",
    "Integrations"
  ],
  "languages": [
    "Multiple (see site)"
  ],
  "integrations": [],
  "compliance": [],
  "data_controls": [],
  "governance": [],
  "security": {
    "certifications": [],
    "sso": null
  },
  "technical": {
    "context_tokens": null,
    "latency_ms": null,
    "throughput_rps": null,
    "sdk_languages": []
  },
  "benchmarks": {
    "latency_ms_p50": null,
    "latency_ms_p95": null,
    "note": null
  },
  "privacy": {
    "training_policy": null,
    "data_retention": null
  },
  "limits": {
    "free_tier": null,
    "rate_limits": null
  },
  "uptime_slo": null,
  "pricing": {
    "model": null,
    "plans": []
  },
  "pricing_notes": null,
  "pros_cons": {
    "pros": [
      "Compliance & SLAs",
      "Human QA at scale"
    ],
    "cons": [
      "Contract-based pricing; less self-serve"
    ]
  },
  "key_differentiators": [
    "Accessibility expertise",
    "Industry-specific workflows"
  ],
  "limitations": [],
  "import_export": [
    "Caption/transcript exports; platform connectors"
  ],
  "setup_time": "Minutes",
  "case_studies": [],
  "migration_paths": [],
  "roadmap_highlights": [],
  "alternatives_notes": null,
  "vendor": {
    "name": "Verbit",
    "hq_country": null,
    "twitter": "https://twitter.com/Verbit_Software",
    "linkedin": "https://www.linkedin.com/company/verbit/",
    "contact_email": null
  },
  "links": {
    "pricing": "https://verbit.ai/contact/",
    "docs": "https://verbit.ai",
    "changelog": null,
    "support": "https://verbit.ai/contact/"
  },
  "release_date": null,
  "updated_at": "2025-10-12T00:08:09Z",
  "status": "active",
  "flags": {
    "free": true,
    "open_source": false,
    "no_signup": false,
    "api_available": true,
    "mobile_app": false,
    "privacy_first": false,
    "verified": true
  },
  "community": {
    "rating": null,
    "votes": null,
    "reviews": []
  },
  "gallery": [
    {
      "src": "https://verbit.ai/favicon.ico",
      "caption": "Verbit icon"
    }
  ],
  "tutorials": [
    {
      "title": "Verbit channel (official)",
      "youtube": "https://www.youtube.com/@verbitsoftware",
      "provider": "YouTube"
    },
    {
      "title": "Accessibility in education (official)",
      "youtube": "https://www.youtube.com/@verbitsoftware",
      "provider": "YouTube"
    },
    {
      "title": "Captioning workflows (official)",
      "youtube": "https://www.youtube.com/@verbitsoftware",
      "provider": "YouTube"
    }
  ],
  "q_and_a": []
}